FS_Method,DecisionTree,RandomForest,AdaBoost,SVM,NaiveBayes
cfs,0.333333,0.440476,0.434524,0.0297619,0.434524
fisher,0.232143,0.452381,0.303571,0.0833333,0.369048
relieff,0.410714,0.547619,0.505952,0.047619,0.464286
