FS_Method,DecisionTree,RandomForest,AdaBoost,SVM,MLP,NaiveBayes
cfs,0.664286,0.542857,0.5,0.5,0.5,0.546429
fisher,0.410714,0.435714,0.5,0.5,0.5,0.475
relieff,0.778571,0.964286,0.5,0.714286,0.5,0.964286
