FS_Method,DecisionTree,RandomForest,AdaBoost,SVM,NaiveBayes
cfs,0.501667,0.478333,0.496667,0.491667,0.503333
fisher,0.531667,0.495,0.493333,0.488333,0.516667
relieff,0.838333,0.891667,0.611667,0.521667,0.596667
