FS_Method,DecisionTree,RandomForest,AdaBoost,SVM,NaiveBayes
cfs,0.327381,0.595238,0.52381,0.119048,0.452381
fisher,0.315476,0.511905,0.595238,0.047619,0.464286
relieff,0.375,0.547619,0.547619,0.0357143,0.464286
