FS_Method,DecisionTree,RandomForest,AdaBoost,SVM,NaiveBayes
cfs,0.701991,0.784783,0.719721,0.45549,0.683783
fisher,0.728372,0.799342,0.643978,0.500826,0.686031
relieff,0.930606,0.951325,0.882442,0.449905,0.85365
